{
  "loss": [
    2.4108216762542725,
    1.8638386726379395,
    1.5703411102294922,
    1.3813807964324951,
    1.2152265310287476,
    1.075914978981018,
    0.9883877635002136,
    0.8806338310241699,
    0.8106571435928345,
    0.7281126379966736,
    0.6461198329925537,
    0.6122853755950928,
    0.5779363512992859,
    0.5387017726898193,
    0.4917253851890564,
    0.45761656761169434,
    0.44347989559173584,
    0.4281180500984192,
    0.3863033056259155
  ],
  "accuracy": [
    0.2648879289627075,
    0.425613671541214,
    0.5246531367301941,
    0.5735325217247009,
    0.6181430220603943,
    0.6618996858596802,
    0.6851654052734375,
    0.7186766266822815,
    0.7366061806678772,
    0.7639274001121521,
    0.7916755676269531,
    0.7974386215209961,
    0.8110992312431335,
    0.817716121673584,
    0.8303095102310181,
    0.8450373411178589,
    0.8458911180496216,
    0.8527214527130127,
    0.870224118232727
  ],
  "val_loss": [
    1.9949429035186768,
    1.7182743549346924,
    1.5483123064041138,
    1.4359822273254395,
    1.3896079063415527,
    1.385011911392212,
    1.3389339447021484,
    1.3373260498046875,
    1.3228617906570435,
    1.3583542108535767,
    1.3720539808273315,
    1.4065115451812744,
    1.4024947881698608,
    1.4408538341522217,
    1.4936988353729248,
    1.5653207302093506,
    1.6177678108215332,
    1.633208990097046,
    1.6929833889007568
  ],
  "val_accuracy": [
    0.3842707872390747,
    0.4659034311771393,
    0.533598780632019,
    0.5679442286491394,
    0.5913389921188354,
    0.5963165760040283,
    0.6197112798690796,
    0.638128399848938,
    0.634644091129303,
    0.6416127681732178,
    0.6421105265617371,
    0.6520656943321228,
    0.6500746607780457,
    0.6520656943321228,
    0.6610254049301147,
    0.6520656943321228,
    0.6555500030517578,
    0.6560477614402771,
    0.657541036605835
  ]
}