{
  "loss": [
    1.2022833824157715,
    1.0465366840362549,
    0.9712537527084351,
    0.8953481912612915,
    0.8099082112312317,
    0.7430271506309509,
    0.6562846899032593,
    0.6162554621696472,
    0.5706172585487366,
    0.5353280305862427,
    0.48534220457077026,
    0.45665493607521057,
    0.43238478899002075,
    0.4079906642436981,
    0.3889683783054352
  ],
  "accuracy": [
    0.6469234228134155,
    0.6835495829582214,
    0.7038509845733643,
    0.7212222814559937,
    0.7467559576034546,
    0.7655922770500183,
    0.7869401574134827,
    0.7988698482513428,
    0.8114273548126221,
    0.8191711902618408,
    0.8398911952972412,
    0.8503558039665222,
    0.8528673052787781,
    0.8564252853393555,
    0.8614482879638672
  ],
  "val_loss": [
    0.9428147077560425,
    0.9039837121963501,
    0.889618456363678,
    0.8893556594848633,
    0.878416121006012,
    0.8883753418922424,
    0.9132816791534424,
    0.9204131364822388,
    0.938829779624939,
    0.9784452319145203,
    1.0511811971664429,
    1.069983959197998,
    1.0859390497207642,
    1.116750717163086,
    1.1401262283325195
  ],
  "val_accuracy": [
    0.7398731112480164,
    0.7388970255851746,
    0.7437774538993835,
    0.7393850684165955,
    0.7432894110679626,
    0.746217668056488,
    0.7428013682365417,
    0.7471937537193298,
    0.7457296252250671,
    0.7442654967308044,
    0.7345046401023865,
    0.7359687685966492,
    0.7349926829338074,
    0.7291361689567566,
    0.7310883402824402
  ]
}