{
  "loss": [
    0.40441930294036865,
    0.32131168246269226,
    0.3173348605632782,
    0.3149513304233551,
    0.3095538318157196,
    0.30779269337654114,
    0.3047279417514801,
    0.3026881814002991,
    0.2988777756690979,
    0.29775500297546387,
    0.2951042354106903,
    0.2935035526752472,
    0.29182925820350647,
    0.2891688942909241,
    0.28662827610969543,
    0.2838890254497528
  ],
  "accuracy": [
    0.9218114018440247,
    0.9314226508140564,
    0.9313937425613403,
    0.9314226508140564,
    0.9314226508140564,
    0.9314226508140564,
    0.9314226508140564,
    0.9314226508140564,
    0.9314226508140564,
    0.9314226508140564,
    0.9314226508140564,
    0.9314226508140564,
    0.9314226508140564,
    0.9314226508140564,
    0.9314226508140564,
    0.9314226508140564
  ],
  "val_loss": [
    0.3100423514842987,
    0.31175556778907776,
    0.30749186873435974,
    0.3086981177330017,
    0.3088874816894531,
    0.3049324154853821,
    0.30626991391181946,
    0.30535539984703064,
    0.30700618028640747,
    0.3079798221588135,
    0.30684298276901245,
    0.30737900733947754,
    0.3069953918457031,
    0.3085308372974396,
    0.30895960330963135,
    0.31422924995422363
  ],
  "val_accuracy": [
    0.9286868572235107,
    0.9286868572235107,
    0.9286868572235107,
    0.9286868572235107,
    0.9286868572235107,
    0.9286868572235107,
    0.9286868572235107,
    0.9286868572235107,
    0.9286868572235107,
    0.9286868572235107,
    0.9286868572235107,
    0.9286868572235107,
    0.9286868572235107,
    0.9286868572235107,
    0.9286868572235107,
    0.9286868572235107
  ]
}